"zona","periodo","n","LAI_medio","LAI_norm_medio","LAI_max","IPP_A","IPP_B","IPP_C","IPP_D","prop_neg_A","IPP_consenso","concordancia_n","diagnostico","concordancia"
"hayedo_cercano","2018",16,2.695,0.719,3.75,0.0507,0.0276,0.1019,-0.0022,0.29,0.0445,"3/4","Larre-oreka","Txikia"
"hayedo_intermedio","2018",16,3.178,0.717,4.435,0.0631,0.0399,0.0844,-0.0127,0.14,0.0437,"3/4","Larre-oreka","Txikia"
"hayedo_remoto","2018",16,2.968,0.689,4.311,0.0051,-0.0191,0.0561,-0.0303,0.5,0.0029,"2/4","Larre-oreka","Txikia"
"pasto_cercano","2018",16,1.923,0.633,3.038,-0.0878,-0.114,-0.0592,0.0329,0.79,-0.057,"3/4","Gainlarratze arina","Txikia"
"pasto_intermedio","2018",15,1.803,0.608,2.963,-0.0888,-0.0969,-0.0768,0.0358,0.77,-0.0567,"3/4","Gainlarratze arina","Txikia"
"pasto_remoto","2018",15,1.725,0.604,2.859,-0.089,-0.0971,-0.0921,0.0217,0.77,-0.0641,"3/4","Gainlarratze arina","Txikia"
"hayedo_cercano","2019",11,3.254,0.713,4.565,0.0216,0.1108,0.0065,0.0048,0.11,0.0359,"4/4","Larre-oreka","Handia"
"hayedo_intermedio","2019",14,3.639,0.753,4.832,0.0388,0.1217,0.0456,0.0036,0.25,0.0524,"4/4","Azpierabilera arina","Handia"
"hayedo_remoto","2019",13,3.634,0.746,4.868,0.0328,0.1204,0.0652,0.022,0.18,0.0601,"4/4","Azpierabilera arina","Handia"
"pasto_cercano","2019",12,1.802,0.729,2.472,-0.0577,0.0235,-0.0082,0.0517,0.6,0.0023,"2/4","Larre-oreka","Txikia"
"pasto_intermedio","2019",11,1.917,0.71,2.698,-0.0818,0.0031,-0.0427,0.0186,0.78,-0.0257,"2/4","Larre-oreka","Txikia"
"pasto_remoto","2019",12,1.748,0.683,2.559,-0.1135,-0.0276,-0.0755,0.0105,0.7,-0.0515,"3/4","Gainlarratze arina","Txikia"
"hayedo_cercano","2020",14,2.771,0.731,3.793,0.0622,0.1894,0.1865,0.0149,0.17,0.1133,"4/4","Azpierabilera ertaina","Handia"
"hayedo_intermedio","2020",13,3.002,0.729,4.117,0.0996,0.241,0.2462,0.0032,0,0.1475,"4/4","Azpierabilera ertaina","Handia"
"hayedo_remoto","2020",14,2.989,0.71,4.208,0.0384,0.1692,0.1582,-0.0072,0.17,0.0896,"3/4","Azpierabilera arina","Txikia"
"pasto_cercano","2020",12,1.543,0.478,3.226,-0.4312,-0.2341,-0.2409,-0.0692,1,-0.2439,"4/4","Gainlarratze larria","Handia"
"pasto_intermedio","2020",12,1.586,0.486,3.264,-0.4079,-0.2139,-0.2241,-0.0617,1,-0.2269,"4/4","Gainlarratze larria","Handia"
"pasto_remoto","2020",12,1.564,0.529,2.955,-0.2844,-0.1063,-0.1421,-0.0368,0.82,-0.1424,"4/4","Gainlarratze ertaina","Handia"
"hayedo_cercano","2021",13,3.244,0.782,4.149,0.0369,0.09,0.0544,-0.0089,0.27,0.0431,"3/4","Larre-oreka","Txikia"
"hayedo_intermedio","2021",13,3.558,0.786,4.526,0.0611,0.1124,0.0881,-0.0095,0.09,0.063,"3/4","Azpierabilera arina","Txikia"
"hayedo_remoto","2021",13,3.63,0.8,4.536,0.0561,0.1065,0.1194,0.0106,0.18,0.0732,"4/4","Azpierabilera arina","Handia"
"pasto_cercano","2021",13,1.86,0.688,2.703,-0.1338,-0.0751,-0.0486,0.0173,0.73,-0.06,"3/4","Gainlarratze arina","Txikia"
"pasto_intermedio","2021",13,1.879,0.659,2.853,-0.1811,-0.1198,-0.0972,-0.0044,0.73,-0.1006,"4/4","Gainlarratze ertaina","Handia"
"pasto_remoto","2021",13,1.832,0.679,2.698,-0.1324,-0.073,-0.0707,0.0079,0.73,-0.067,"3/4","Gainlarratze arina","Txikia"
"hayedo_cercano","2022",12,3.369,0.769,4.381,0.1648,0.2797,0.2098,6e-04,0,0.1637,"4/4","Azpierabilera ertaina","Handia"
"hayedo_intermedio","2022",12,3.814,0.783,4.871,0.1798,0.2927,0.2357,2e-04,0,0.1771,"4/4","Azpierabilera ertaina","Handia"
"hayedo_remoto","2022",12,3.707,0.773,4.798,0.1768,0.2912,0.2225,0.0054,0,0.174,"4/4","Azpierabilera ertaina","Handia"
"pasto_cercano","2022",12,1.064,0.483,2.203,-0.3643,-0.1814,-0.2812,-0.1386,0.91,-0.2414,"4/4","Gainlarratze larria","Handia"
"pasto_intermedio","2022",12,1.067,0.495,2.157,-0.3337,-0.1551,-0.2588,-0.1272,0.91,-0.2187,"4/4","Gainlarratze larria","Handia"
"pasto_remoto","2022",12,1.092,0.534,2.044,-0.2299,-0.0644,-0.1955,-0.1034,0.91,-0.1483,"4/4","Gainlarratze ertaina","Handia"
"hayedo_cercano","2023",10,2.045,0.787,2.597,0.2226,0.338,0.0373,0.0107,0,0.1522,"4/4","Azpierabilera ertaina","Handia"
"hayedo_intermedio","2023",11,2.499,0.762,3.28,0.2202,0.3329,-0.0149,-0.0227,0,0.1289,"2/4","Azpierabilera ertaina","Txikia"
"hayedo_remoto","2023",11,2.271,0.792,2.868,0.2374,0.3458,0.0339,0.0088,0,0.1565,"4/4","Azpierabilera ertaina","Handia"
"pasto_cercano","2023",11,1.553,0.759,2.048,0.1357,0.2458,-0.0244,0.0886,0.1,0.1114,"3/4","Azpierabilera ertaina","Txikia"
"pasto_intermedio","2023",11,1.644,0.774,2.124,0.1658,0.2736,-0.0103,0.0965,0.1,0.1314,"3/4","Azpierabilera ertaina","Txikia"
"pasto_remoto","2023",11,1.564,0.757,2.067,0.1538,0.2641,-0.0403,0.0729,0,0.1126,"3/4","Azpierabilera ertaina","Txikia"
"hayedo_cercano","2024",8,2.781,0.817,3.405,0.2119,0.3485,0.053,0.0171,0,0.1576,"4/4","Azpierabilera ertaina","Handia"
"hayedo_intermedio","2024",7,3.508,0.809,4.336,0.2287,0.3769,-0.0081,-0.0155,0.17,0.1455,"2/4","Azpierabilera ertaina","Txikia"
"hayedo_remoto","2024",8,3.013,0.788,3.822,0.2652,0.4174,0.0276,0.0132,0,0.1808,"4/4","Azpierabilera ertaina","Handia"
"pasto_cercano","2024",8,1.685,0.75,2.247,0.0426,0.1725,-0.0064,0.1066,0.29,0.0788,"3/4","Azpierabilera arina","Txikia"
"pasto_intermedio","2024",8,1.579,0.743,2.126,0.045,0.1953,-0.0114,0.1051,0.29,0.0835,"3/4","Azpierabilera arina","Txikia"
"pasto_remoto","2024",8,1.528,0.745,2.051,0.0718,0.2216,-0.0197,0.0964,0.14,0.0925,"3/4","Azpierabilera arina","Txikia"
"hayedo_cercano","2025",18,3.287,0.704,4.667,0.0847,0.1835,0.0904,-0.0203,0,0.0846,"3/4","Azpierabilera arina","Txikia"
"hayedo_intermedio","2025",18,3.769,0.748,5.041,0.168,0.261,0.1633,0.0229,0,0.1538,"4/4","Azpierabilera ertaina","Handia"
"hayedo_remoto","2025",19,3.476,0.703,4.944,0.0903,0.1881,0.1266,-0.0066,0.14,0.0996,"3/4","Azpierabilera arina","Txikia"
"pasto_cercano","2025",19,2.047,0.56,3.653,-0.2549,-0.1322,-0.1272,-0.0557,0.79,-0.1425,"4/4","Gainlarratze ertaina","Handia"
"pasto_intermedio","2025",18,1.942,0.555,3.498,-0.2422,-0.1184,-0.1091,-0.0363,0.86,-0.1265,"4/4","Gainlarratze ertaina","Handia"
"pasto_remoto","2025",18,1.835,0.559,3.281,-0.2074,-0.0845,-0.104,-0.0359,0.86,-0.108,"4/4","Gainlarratze ertaina","Handia"
"hayedo_cercano","Global",102,2.962,0.746,4.667,0.0993,0.1829,0.0977,NA,0.12,0.1266,"3/3","Azpierabilera ertaina","Handia"
"hayedo_intermedio","Global",104,3.392,0.756,5.041,0.1234,0.2064,0.1142,NA,0.08,0.148,"3/3","Azpierabilera ertaina","Handia"
"hayedo_remoto","Global",106,3.24,0.743,4.944,0.0991,0.1829,0.1055,NA,0.17,0.1292,"3/3","Azpierabilera ertaina","Handia"
"pasto_cercano","Global",103,1.722,0.625,3.653,-0.1303,-0.034,-0.1037,NA,0.68,-0.0893,"3/3","Gainlarratze arina","Handia"
"pasto_intermedio","Global",100,1.701,0.617,3.498,-0.13,-0.0262,-0.1085,NA,0.71,-0.0882,"3/3","Gainlarratze arina","Handia"
"pasto_remoto","Global",101,1.634,0.626,3.281,-0.102,0,-0.0963,NA,0.66,-0.0661,"2/3","Gainlarratze arina","Txikia"
